# name	kind	replacement	introduced	remove_after
CHANNEL_ANGLE	moved	moxi_plot.CHANNEL_ANGLE	0.6	never
CHANNEL_COLOR	moved	moxi_plot.CHANNEL_COLOR	0.6	never
CHANNEL_COLUMN	moved	moxi_plot.CHANNEL_COLUMN	0.6	never
CHANNEL_DETAIL	moved	moxi_plot.CHANNEL_DETAIL	0.6	never
CHANNEL_FACET	moved	moxi_plot.CHANNEL_FACET	0.6	never
CHANNEL_FILL	moved	moxi_plot.CHANNEL_FILL	0.6	never
CHANNEL_HREF	moved	moxi_plot.CHANNEL_HREF	0.6	never
CHANNEL_KEY	moved	moxi_plot.CHANNEL_KEY	0.6	never
CHANNEL_OPACITY	moved	moxi_plot.CHANNEL_OPACITY	0.6	never
CHANNEL_ORDER	moved	moxi_plot.CHANNEL_ORDER	0.6	never
CHANNEL_RADIUS	moved	moxi_plot.CHANNEL_RADIUS	0.6	never
CHANNEL_ROW	moved	moxi_plot.CHANNEL_ROW	0.6	never
CHANNEL_SHAPE	moved	moxi_plot.CHANNEL_SHAPE	0.6	never
CHANNEL_SIZE	moved	moxi_plot.CHANNEL_SIZE	0.6	never
CHANNEL_STROKE	moved	moxi_plot.CHANNEL_STROKE	0.6	never
CHANNEL_TEXT	moved	moxi_plot.CHANNEL_TEXT	0.6	never
CHANNEL_TOOLTIP	moved	moxi_plot.CHANNEL_TOOLTIP	0.6	never
CHANNEL_X	moved	moxi_plot.CHANNEL_X	0.6	never
CHANNEL_X2	moved	moxi_plot.CHANNEL_X2	0.6	never
CHANNEL_Y	moved	moxi_plot.CHANNEL_Y	0.6	never
CHANNEL_Y2	moved	moxi_plot.CHANNEL_Y2	0.6	never
COLUMN_BOOL	moved	moxi_plot.COLUMN_BOOL	0.6	never
COLUMN_CATEGORY	moved	moxi_plot.COLUMN_CATEGORY	0.6	never
COLUMN_DURATION	moved	moxi_plot.COLUMN_DURATION	0.6	never
COLUMN_FLOAT32	moved	moxi_plot.COLUMN_FLOAT32	0.6	never
COLUMN_FLOAT64	moved	moxi_plot.COLUMN_FLOAT64	0.6	never
COLUMN_INT64	moved	moxi_plot.COLUMN_INT64	0.6	never
COLUMN_STRING	moved	moxi_plot.COLUMN_STRING	0.6	never
COLUMN_TIMESTAMP	moved	moxi_plot.COLUMN_TIMESTAMP	0.6	never
COMPOSITION_FACET	moved	moxi_plot.COMPOSITION_FACET	0.6	never
COMPOSITION_HORIZONTAL	moved	moxi_plot.COMPOSITION_HORIZONTAL	0.6	never
COMPOSITION_LAYER	moved	moxi_plot.COMPOSITION_LAYER	0.6	never
COMPOSITION_VERTICAL	moved	moxi_plot.COMPOSITION_VERTICAL	0.6	never
DEMO_ALIGNMENT_ID	moved	moxi_demo.DEMO_ALIGNMENT_ID	0.6	never
DEMO_ANIMATION_ID	moved	moxi_demo.DEMO_ANIMATION_ID	0.6	never
DEMO_CAPABILITY_WALKTHROUGH_ID	moved	moxi_demo.DEMO_CAPABILITY_WALKTHROUGH_ID	0.6	never
DEMO_CAPABILITY_WALKTHROUGH_ID_OFFSET	moved	moxi_demo.DEMO_CAPABILITY_WALKTHROUGH_ID_OFFSET	0.6	never
DEMO_CAPABILITY_WALKTHROUGH_SLOT_ID	moved	moxi_demo.DEMO_CAPABILITY_WALKTHROUGH_SLOT_ID	0.6	never
DEMO_CATEGORY_ALL	moved	moxi_demo.DEMO_CATEGORY_ALL	0.6	never
DEMO_CATEGORY_BUTTON_BASE	moved	moxi_demo.DEMO_CATEGORY_BUTTON_BASE	0.6	never
DEMO_CATEGORY_COMPONENTS	moved	moxi_demo.DEMO_CATEGORY_COMPONENTS	0.6	never
DEMO_CATEGORY_LAYOUT	moved	moxi_demo.DEMO_CATEGORY_LAYOUT	0.6	never
DEMO_CATEGORY_PLOTTING	moved	moxi_demo.DEMO_CATEGORY_PLOTTING	0.6	never
DEMO_CATEGORY_RENDERING	moved	moxi_demo.DEMO_CATEGORY_RENDERING	0.6	never
DEMO_CATEGORY_START	moved	moxi_demo.DEMO_CATEGORY_START	0.6	never
DEMO_CATEGORY_TEXT	moved	moxi_demo.DEMO_CATEGORY_TEXT	0.6	never
DEMO_CLEAR_SEARCH_ID	moved	moxi_demo.DEMO_CLEAR_SEARCH_ID	0.6	never
DEMO_COMPOSED_ID	moved	moxi_demo.DEMO_COMPOSED_ID	0.6	never
DEMO_CONTENT_PORTAL_ID	moved	moxi_demo.DEMO_CONTENT_PORTAL_ID	0.6	never
DEMO_CORETEXT_ID	moved	moxi_demo.DEMO_CORETEXT_ID	0.6	never
DEMO_COUNTER_ID	moved	moxi_demo.DEMO_COUNTER_ID	0.6	never
DEMO_COUNTER_ID_OFFSET	moved	moxi_demo.DEMO_COUNTER_ID_OFFSET	0.6	never
DEMO_EMPTY_CLEAR_ID	moved	moxi_demo.DEMO_EMPTY_CLEAR_ID	0.6	never
DEMO_ENTRY_VIEW_BASE	moved	moxi_demo.DEMO_ENTRY_VIEW_BASE	0.6	never
DEMO_FORM_ID	moved	moxi_demo.DEMO_FORM_ID	0.6	never
DEMO_FRACTAL_ID	moved	moxi_demo.DEMO_FRACTAL_ID	0.6	never
DEMO_FRACTAL_ID_OFFSET	moved	moxi_demo.DEMO_FRACTAL_ID_OFFSET	0.6	never
DEMO_FRACTAL_SLOT_ID	moved	moxi_demo.DEMO_FRACTAL_SLOT_ID	0.6	never
DEMO_HARFBUZZ_ID	moved	moxi_demo.DEMO_HARFBUZZ_ID	0.6	never
DEMO_HEADER_KICKER_ID	moved	moxi_demo.DEMO_HEADER_KICKER_ID	0.6	never
DEMO_HELLO_COMPONENT_ID	moved	moxi_demo.DEMO_HELLO_COMPONENT_ID	0.6	never
DEMO_HELLO_WINDOW_ID	moved	moxi_demo.DEMO_HELLO_WINDOW_ID	0.6	never
DEMO_INTERACTION_ID	moved	moxi_demo.DEMO_INTERACTION_ID	0.6	never
DEMO_INTERACTION_ID_OFFSET	moved	moxi_demo.DEMO_INTERACTION_ID_OFFSET	0.6	never
DEMO_INTERACTION_SLOT_ID	moved	moxi_demo.DEMO_INTERACTION_SLOT_ID	0.6	never
DEMO_LIVE_SCRIPT_ID	moved	moxi_demo.DEMO_LIVE_SCRIPT_ID	0.6	never
DEMO_LIVE_SCRIPT_ID_OFFSET	moved	moxi_demo.DEMO_LIVE_SCRIPT_ID_OFFSET	0.6	never
DEMO_LIVE_SCRIPT_SLOT_ID	moved	moxi_demo.DEMO_LIVE_SCRIPT_SLOT_ID	0.6	never
DEMO_METAL_SCENE_ID	moved	moxi_demo.DEMO_METAL_SCENE_ID	0.6	never
DEMO_METAL_WINDOW_ID	moved	moxi_demo.DEMO_METAL_WINDOW_ID	0.6	never
DEMO_NAV_PORTAL_ID	moved	moxi_demo.DEMO_NAV_PORTAL_ID	0.6	never
DEMO_NAV_TREE_ID	moved	moxi_demo.DEMO_NAV_TREE_ID	0.6	never
DEMO_NESTED_ID	moved	moxi_demo.DEMO_NESTED_ID	0.6	never
DEMO_PAGE_ALIGNMENT	moved	moxi_demo.DEMO_PAGE_ALIGNMENT	0.6	never
DEMO_PAGE_CAPABILITY_WALKTHROUGH	moved	moxi_demo.DEMO_PAGE_CAPABILITY_WALKTHROUGH	0.6	never
DEMO_PAGE_COMPOSED	moved	moxi_demo.DEMO_PAGE_COMPOSED	0.6	never
DEMO_PAGE_COUNTER	moved	moxi_demo.DEMO_PAGE_COUNTER	0.6	never
DEMO_PAGE_FORM	moved	moxi_demo.DEMO_PAGE_FORM	0.6	never
DEMO_PAGE_FRACTAL	moved	moxi_demo.DEMO_PAGE_FRACTAL	0.6	never
DEMO_PAGE_INTERACTION	moved	moxi_demo.DEMO_PAGE_INTERACTION	0.6	never
DEMO_PAGE_LIVE_SCRIPT	moved	moxi_demo.DEMO_PAGE_LIVE_SCRIPT	0.6	never
DEMO_PAGE_NESTED	moved	moxi_demo.DEMO_PAGE_NESTED	0.6	never
DEMO_PAGE_QUICKSTART_ID	moved	moxi_demo.DEMO_PAGE_QUICKSTART_ID	0.6	never
DEMO_PAGE_ROW	moved	moxi_demo.DEMO_PAGE_ROW	0.6	never
DEMO_PAGE_SHOWCASE	moved	moxi_demo.DEMO_PAGE_SHOWCASE	0.6	never
DEMO_PAGE_STATIC	moved	moxi_demo.DEMO_PAGE_STATIC	0.6	never
DEMO_PAGE_THEME_SHOWCASE	moved	moxi_demo.DEMO_PAGE_THEME_SHOWCASE	0.6	never
DEMO_PAGE_WRAPPED	moved	moxi_demo.DEMO_PAGE_WRAPPED	0.6	never
DEMO_PAGE_WX_STYLE	moved	moxi_demo.DEMO_PAGE_WX_STYLE	0.6	never
DEMO_PLOT_GALLERY_ID	moved	moxi_demo.DEMO_PLOT_GALLERY_ID	0.6	never
DEMO_PLOT_ID	moved	moxi_demo.DEMO_PLOT_ID	0.6	never
DEMO_PLOT_SVG_ID	moved	moxi_demo.DEMO_PLOT_SVG_ID	0.6	never
DEMO_RESET_BUTTON_ID	moved	moxi_demo.DEMO_RESET_BUTTON_ID	0.6	never
DEMO_ROW_ID	moved	moxi_demo.DEMO_ROW_ID	0.6	never
DEMO_RUN_BUTTON_ID	moved	moxi_demo.DEMO_RUN_BUTTON_ID	0.6	never
DEMO_SEARCH_ID	moved	moxi_demo.DEMO_SEARCH_ID	0.6	never
DEMO_SHOWCASE_ID_OFFSET	moved	moxi_demo.DEMO_SHOWCASE_ID_OFFSET	0.6	never
DEMO_SHOWCASE_SLOT_ID	moved	moxi_demo.DEMO_SHOWCASE_SLOT_ID	0.6	never
DEMO_SOURCE_TEXT_ID	moved	moxi_demo.DEMO_SOURCE_TEXT_ID	0.6	never
DEMO_STORY_CODE_TEXT_ID	moved	moxi_demo.DEMO_STORY_CODE_TEXT_ID	0.6	never
DEMO_STORY_SPLIT_ID	moved	moxi_demo.DEMO_STORY_SPLIT_ID	0.6	never
DEMO_TAB_DEMO	moved	moxi_demo.DEMO_TAB_DEMO	0.6	never
DEMO_TAB_DEMO_ID	moved	moxi_demo.DEMO_TAB_DEMO_ID	0.6	never
DEMO_TAB_OVERVIEW	moved	moxi_demo.DEMO_TAB_OVERVIEW	0.6	never
DEMO_TAB_OVERVIEW_ID	moved	moxi_demo.DEMO_TAB_OVERVIEW_ID	0.6	never
DEMO_TAB_SOURCE	moved	moxi_demo.DEMO_TAB_SOURCE	0.6	never
DEMO_TAB_SOURCE_ID	moved	moxi_demo.DEMO_TAB_SOURCE_ID	0.6	never
DEMO_THEME_SHOWCASE_ID	moved	moxi_demo.DEMO_THEME_SHOWCASE_ID	0.6	never
DEMO_THEME_SHOWCASE_ID_OFFSET	moved	moxi_demo.DEMO_THEME_SHOWCASE_ID_OFFSET	0.6	never
DEMO_THEME_SHOWCASE_SLOT_ID	moved	moxi_demo.DEMO_THEME_SHOWCASE_SLOT_ID	0.6	never
DEMO_WALKTHROUGH_APPROVAL	moved	moxi_demo.DEMO_WALKTHROUGH_APPROVAL	0.6	never
DEMO_WALKTHROUGH_EVENT	moved	moxi_demo.DEMO_WALKTHROUGH_EVENT	0.6	never
DEMO_WRAPPED_ID	moved	moxi_demo.DEMO_WRAPPED_ID	0.6	never
DEMO_WX_STYLE_ID	moved	moxi_demo.DEMO_WX_STYLE_ID	0.6	never
DEMO_WX_STYLE_ID_OFFSET	moved	moxi_demo.DEMO_WX_STYLE_ID_OFFSET	0.6	never
DemoBrowserState	moved	moxi_demo.DemoBrowserState	0.6	never
DemoCatalog	moved	moxi_demo.DemoCatalog	0.6	never
DemoEntry	moved	moxi_demo.DemoEntry	0.6	never
DemoWalkthroughAction	moved	moxi_demo.DemoWalkthroughAction	0.6	never
DemoWalkthroughDriver	moved	moxi_demo.DemoWalkthroughDriver	0.6	never
DemoWalkthroughHandler	moved	moxi_demo.DemoWalkthroughHandler	0.6	never
INTERACTION_BRUSH	moved	moxi_plot.INTERACTION_BRUSH	0.6	never
INTERACTION_CLICK_SELECT	moved	moxi_plot.INTERACTION_CLICK_SELECT	0.6	never
INTERACTION_HOVER	moved	moxi_plot.INTERACTION_HOVER	0.6	never
INTERACTION_KEYBOARD	moved	moxi_plot.INTERACTION_KEYBOARD	0.6	never
INTERACTION_LASSO	moved	moxi_plot.INTERACTION_LASSO	0.6	never
INTERACTION_PAN_ZOOM	moved	moxi_plot.INTERACTION_PAN_ZOOM	0.6	never
PLOT_ARC_DIAGRAM	moved	moxi_plot.PLOT_ARC_DIAGRAM	0.6	never
PLOT_AREA	moved	moxi_plot.PLOT_AREA	0.6	never
PLOT_BAND	moved	moxi_plot.PLOT_BAND	0.6	never
PLOT_BAR	moved	moxi_plot.PLOT_BAR	0.6	never
PLOT_BARBS	moved	moxi_plot.PLOT_BARBS	0.6	never
PLOT_BEESWARM	moved	moxi_plot.PLOT_BEESWARM	0.6	never
PLOT_BOX	moved	moxi_plot.PLOT_BOX	0.6	never
PLOT_BUBBLE	moved	moxi_plot.PLOT_BUBBLE	0.6	never
PLOT_BULLET	moved	moxi_plot.PLOT_BULLET	0.6	never
PLOT_BUMP	moved	moxi_plot.PLOT_BUMP	0.6	never
PLOT_CALENDAR_HEATMAP	moved	moxi_plot.PLOT_CALENDAR_HEATMAP	0.6	never
PLOT_CANDLESTICK	moved	moxi_plot.PLOT_CANDLESTICK	0.6	never
PLOT_CHORD	moved	moxi_plot.PLOT_CHORD	0.6	never
PLOT_COLUMN	moved	moxi_plot.PLOT_COLUMN	0.6	never
PLOT_CONTOUR	moved	moxi_plot.PLOT_CONTOUR	0.6	never
PLOT_CONTOURF	moved	moxi_plot.PLOT_CONTOURF	0.6	never
PLOT_CORRPLOT	moved	moxi_plot.PLOT_CORRPLOT	0.6	never
PLOT_DENSITY	moved	moxi_plot.PLOT_DENSITY	0.6	never
PLOT_DONUT	moved	moxi_plot.PLOT_DONUT	0.6	never
PLOT_DOT	moved	moxi_plot.PLOT_DOT	0.6	never
PLOT_ECDF	moved	moxi_plot.PLOT_ECDF	0.6	never
PLOT_EFFECT_SCATTER	moved	moxi_plot.PLOT_EFFECT_SCATTER	0.6	never
PLOT_ERROR_BAR	moved	moxi_plot.PLOT_ERROR_BAR	0.6	never
PLOT_FUNNEL	moved	moxi_plot.PLOT_FUNNEL	0.6	never
PLOT_GANTT	moved	moxi_plot.PLOT_GANTT	0.6	never
PLOT_GAUGE	moved	moxi_plot.PLOT_GAUGE	0.6	never
PLOT_GRAPH	moved	moxi_plot.PLOT_GRAPH	0.6	never
PLOT_GROUPED_BAR	moved	moxi_plot.PLOT_GROUPED_BAR	0.6	never
PLOT_HEATMAP	moved	moxi_plot.PLOT_HEATMAP	0.6	never
PLOT_HEXBIN	moved	moxi_plot.PLOT_HEXBIN	0.6	never
PLOT_HISTOGRAM	moved	moxi_plot.PLOT_HISTOGRAM	0.6	never
PLOT_INTERVAL	moved	moxi_plot.PLOT_INTERVAL	0.6	never
PLOT_LINE	moved	moxi_plot.PLOT_LINE	0.6	never
PLOT_LOLLIPOP	moved	moxi_plot.PLOT_LOLLIPOP	0.6	never
PLOT_MARIMEKKO	moved	moxi_plot.PLOT_MARIMEKKO	0.6	never
PLOT_NIGHTINGALE	moved	moxi_plot.PLOT_NIGHTINGALE	0.6	never
PLOT_PARALLEL	moved	moxi_plot.PLOT_PARALLEL	0.6	never
PLOT_PIE	moved	moxi_plot.PLOT_PIE	0.6	never
PLOT_POLAR	moved	moxi_plot.PLOT_POLAR	0.6	never
PLOT_POLAR_BAR	moved	moxi_plot.PLOT_POLAR_BAR	0.6	never
PLOT_POPULATION_PYRAMID	moved	moxi_plot.PLOT_POPULATION_PYRAMID	0.6	never
PLOT_PUNCHCARD	moved	moxi_plot.PLOT_PUNCHCARD	0.6	never
PLOT_RADAR	moved	moxi_plot.PLOT_RADAR	0.6	never
PLOT_RADIALBAR	moved	moxi_plot.PLOT_RADIALBAR	0.6	never
PLOT_RECT	moved	moxi_plot.PLOT_RECT	0.6	never
PLOT_REGRESSION	moved	moxi_plot.PLOT_REGRESSION	0.6	never
PLOT_RIDGELINE	moved	moxi_plot.PLOT_RIDGELINE	0.6	never
PLOT_RULE	moved	moxi_plot.PLOT_RULE	0.6	never
PLOT_SANKEY	moved	moxi_plot.PLOT_SANKEY	0.6	never
PLOT_SCATTER	moved	moxi_plot.PLOT_SCATTER	0.6	never
PLOT_SPAN_CHART	moved	moxi_plot.PLOT_SPAN_CHART	0.6	never
PLOT_SPEC_VERSION	moved	moxi_plot.PLOT_SPEC_VERSION	0.6	never
PLOT_STACKED_BAR	moved	moxi_plot.PLOT_STACKED_BAR	0.6	never
PLOT_STEP	moved	moxi_plot.PLOT_STEP	0.6	never
PLOT_STREAMGRAPH	moved	moxi_plot.PLOT_STREAMGRAPH	0.6	never
PLOT_SUNBURST	moved	moxi_plot.PLOT_SUNBURST	0.6	never
PLOT_TEXT	moved	moxi_plot.PLOT_TEXT	0.6	never
PLOT_TICK	moved	moxi_plot.PLOT_TICK	0.6	never
PLOT_TREE	moved	moxi_plot.PLOT_TREE	0.6	never
PLOT_TREEMAP	moved	moxi_plot.PLOT_TREEMAP	0.6	never
PLOT_TRICONTOUR	moved	moxi_plot.PLOT_TRICONTOUR	0.6	never
PLOT_VIOLIN	moved	moxi_plot.PLOT_VIOLIN	0.6	never
PLOT_WATERFALL	moved	moxi_plot.PLOT_WATERFALL	0.6	never
Plot	moved	moxi_plot.Plot	0.6	never
PlotAnnotation	moved	moxi_plot.PlotAnnotation	0.6	never
PlotColumn	moved	moxi_plot.PlotColumn	0.6	never
PlotControl	moved	moxi_plot.PlotControl	0.6	never
PlotDataSnapshot	moved	moxi_plot.PlotDataSnapshot	0.6	never
PlotDataTable	moved	moxi_plot.PlotDataTable	0.6	never
PlotDataView	moved	moxi_plot.PlotDataView	0.6	never
PlotEncoding	moved	moxi_plot.PlotEncoding	0.6	never
PlotHit	moved	moxi_plot.PlotHit	0.6	never
PlotInteraction	moved	moxi_plot.PlotInteraction	0.6	never
PlotLayer	moved	moxi_plot.PlotLayer	0.6	never
PlotLink	moved	moxi_plot.PlotLink	0.6	never
PlotPoint	moved	moxi_plot.PlotPoint	0.6	never
PlotRuntime	moved	moxi_plot.PlotRuntime	0.6	never
PlotScale	moved	moxi_plot.PlotScale	0.6	never
PlotScaleSpec	moved	moxi_plot.PlotScaleSpec	0.6	never
PlotSeries	moved	moxi_plot.PlotSeries	0.6	never
PlotSpec	moved	moxi_plot.PlotSpec	0.6	never
PlotTransform	moved	moxi_plot.PlotTransform	0.6	never
PlotView	moved	moxi_plot.PlotView	0.6	never
SCALE_BAND	moved	moxi_plot.SCALE_BAND	0.6	never
SCALE_CATEGORICAL	moved	moxi_plot.SCALE_CATEGORICAL	0.6	never
SCALE_DIVERGING	moved	moxi_plot.SCALE_DIVERGING	0.6	never
SCALE_LINEAR	moved	moxi_plot.SCALE_LINEAR	0.6	never
SCALE_LOG	moved	moxi_plot.SCALE_LOG	0.6	never
SCALE_ORDINAL	moved	moxi_plot.SCALE_ORDINAL	0.6	never
SCALE_POINT	moved	moxi_plot.SCALE_POINT	0.6	never
SCALE_POWER	moved	moxi_plot.SCALE_POWER	0.6	never
SCALE_QUANTILE	moved	moxi_plot.SCALE_QUANTILE	0.6	never
SCALE_QUANTIZE	moved	moxi_plot.SCALE_QUANTIZE	0.6	never
SCALE_SEQUENTIAL	moved	moxi_plot.SCALE_SEQUENTIAL	0.6	never
SCALE_SQRT	moved	moxi_plot.SCALE_SQRT	0.6	never
SCALE_SYMLOG	moved	moxi_plot.SCALE_SYMLOG	0.6	never
SCALE_TEMPORAL	moved	moxi_plot.SCALE_TEMPORAL	0.6	never
SCALE_THRESHOLD	moved	moxi_plot.SCALE_THRESHOLD	0.6	never
SHOWCASE_ANIMATION	moved	moxi_demo.SHOWCASE_ANIMATION	0.6	never
SHOWCASE_CANVAS_ID	moved	moxi_demo.SHOWCASE_CANVAS_ID	0.6	never
SHOWCASE_CORETEXT	moved	moxi_demo.SHOWCASE_CORETEXT	0.6	never
SHOWCASE_HARFBUZZ	moved	moxi_demo.SHOWCASE_HARFBUZZ	0.6	never
SHOWCASE_HELLO_COMPONENT	moved	moxi_demo.SHOWCASE_HELLO_COMPONENT	0.6	never
SHOWCASE_HELLO_WINDOW	moved	moxi_demo.SHOWCASE_HELLO_WINDOW	0.6	never
SHOWCASE_METAL_SCENE	moved	moxi_demo.SHOWCASE_METAL_SCENE	0.6	never
SHOWCASE_METAL_WINDOW	moved	moxi_demo.SHOWCASE_METAL_WINDOW	0.6	never
SHOWCASE_PLOT	moved	moxi_demo.SHOWCASE_PLOT	0.6	never
SHOWCASE_PLOT_CLEAR_SELECTION_ID	moved	moxi_demo.SHOWCASE_PLOT_CLEAR_SELECTION_ID	0.6	never
SHOWCASE_PLOT_GALLERY	moved	moxi_demo.SHOWCASE_PLOT_GALLERY	0.6	never
SHOWCASE_PLOT_RESET_VIEW_ID	moved	moxi_demo.SHOWCASE_PLOT_RESET_VIEW_ID	0.6	never
SHOWCASE_PLOT_STATUS_ID	moved	moxi_demo.SHOWCASE_PLOT_STATUS_ID	0.6	never
SHOWCASE_PLOT_STREAM_ID	moved	moxi_demo.SHOWCASE_PLOT_STREAM_ID	0.6	never
SHOWCASE_PLOT_SVG	moved	moxi_demo.SHOWCASE_PLOT_SVG	0.6	never
SHOWCASE_PLOT_TOGGLE_MARKS_ID	moved	moxi_demo.SHOWCASE_PLOT_TOGGLE_MARKS_ID	0.6	never
SHOWCASE_PLOT_TOOLBAR_ID	moved	moxi_demo.SHOWCASE_PLOT_TOOLBAR_ID	0.6	never
SHOWCASE_RESET_ID	moved	moxi_demo.SHOWCASE_RESET_ID	0.6	never
ShowcaseState	moved	moxi_demo.ShowcaseState	0.6	never
TRANSFORM_AGGREGATE	moved	moxi_plot.TRANSFORM_AGGREGATE	0.6	never
TRANSFORM_BIN	moved	moxi_plot.TRANSFORM_BIN	0.6	never
TRANSFORM_BOX	moved	moxi_plot.TRANSFORM_BOX	0.6	never
TRANSFORM_CALCULATE	moved	moxi_plot.TRANSFORM_CALCULATE	0.6	never
TRANSFORM_DENSITY	moved	moxi_plot.TRANSFORM_DENSITY	0.6	never
TRANSFORM_ECDF	moved	moxi_plot.TRANSFORM_ECDF	0.6	never
TRANSFORM_FILTER_BETWEEN	moved	moxi_plot.TRANSFORM_FILTER_BETWEEN	0.6	never
TRANSFORM_FILTER_GREATER	moved	moxi_plot.TRANSFORM_FILTER_GREATER	0.6	never
TRANSFORM_GROUP	moved	moxi_plot.TRANSFORM_GROUP	0.6	never
TRANSFORM_HEATMAP	moved	moxi_plot.TRANSFORM_HEATMAP	0.6	never
TRANSFORM_HEXBIN	moved	moxi_plot.TRANSFORM_HEXBIN	0.6	never
TRANSFORM_HISTOGRAM	moved	moxi_plot.TRANSFORM_HISTOGRAM	0.6	never
TRANSFORM_IMPUTE	moved	moxi_plot.TRANSFORM_IMPUTE	0.6	never
TRANSFORM_LIMIT	moved	moxi_plot.TRANSFORM_LIMIT	0.6	never
TRANSFORM_REGRESSION	moved	moxi_plot.TRANSFORM_REGRESSION	0.6	never
TRANSFORM_ROLLING_MEAN	moved	moxi_plot.TRANSFORM_ROLLING_MEAN	0.6	never
TRANSFORM_SAMPLE	moved	moxi_plot.TRANSFORM_SAMPLE	0.6	never
TRANSFORM_SORT	moved	moxi_plot.TRANSFORM_SORT	0.6	never
TRANSFORM_STACK	moved	moxi_plot.TRANSFORM_STACK	0.6	never
TYPE_BOOL	moved	moxi_plot.TYPE_BOOL	0.6	never
TYPE_NOMINAL	moved	moxi_plot.TYPE_NOMINAL	0.6	never
TYPE_ORDINAL	moved	moxi_plot.TYPE_ORDINAL	0.6	never
TYPE_QUANTITATIVE	moved	moxi_plot.TYPE_QUANTITATIVE	0.6	never
TYPE_TEMPORAL	moved	moxi_plot.TYPE_TEMPORAL	0.6	never
channel_name	moved	moxi_plot.channel_name	0.6	never
column_kind_name	moved	moxi_plot.column_kind_name	0.6	never
composition_name	moved	moxi_plot.composition_name	0.6	never
data_type_name	moved	moxi_plot.data_type_name	0.6	never
demo_category_name	moved	moxi_demo.demo_category_name	0.6	never
demo_category_short_name	moved	moxi_demo.demo_category_short_name	0.6	never
interaction_name	moved	moxi_plot.interaction_name	0.6	never
make_plot_data_fixture	removed	moxi_plot.fixtures.make_plot_data_fixture	0.6	never
make_plot_scenario	removed	moxi_plot.fixtures.make_plot_scenario	0.6	never
plot_from_spec	moved	moxi_plot.plot_from_spec	0.6	never
plot_mark_name	moved	moxi_plot.plot_mark_name	0.6	never
plot_spec_from_json	moved	moxi_plot.plot_spec_from_json	0.6	never
scale_kind_name	moved	moxi_plot.scale_kind_name	0.6	never
transform_name	moved	moxi_plot.transform_name	0.6	never
