upstream_revision	upstream_mark	upstream_module	moxi_equivalent	schema_status	scene_status	interaction_status	accessibility_status	python_status	parity_fixture	benchmark	strategy
3fd5a7e7c622d6130c99a290b88c4fee039deab2	point/scatter	continuous.mojo	PLOT_SCATTER	compatible	implemented	implemented	implemented	implemented	python-overlap	python-benchmark	absorb-core-mark
3fd5a7e7c622d6130c99a290b88c4fee039deab2	line	continuous.mojo	PLOT_LINE	compatible	implemented	implemented	implemented	implemented	python-overlap	python-benchmark	absorb-core-mark
3fd5a7e7c622d6130c99a290b88c4fee039deab2	area	continuous.mojo	PLOT_AREA	compatible	implemented	implemented	implemented	implemented	python-overlap	python-benchmark	absorb-core-mark
3fd5a7e7c622d6130c99a290b88c4fee039deab2	bar	bar.mojo	PLOT_BAR/PLOT_COLUMN	compatible	implemented	implemented	implemented	implemented	python-overlap	python-benchmark	absorb-core-mark
3fd5a7e7c622d6130c99a290b88c4fee039deab2	grouped_bar	grouped_bar.mojo	PLOT_GROUPED_BAR	compatible-static	implemented-static	implemented-anchor	implemented-row	implemented	catalog-static	python-catalog	absorb-static-catalog
3fd5a7e7c622d6130c99a290b88c4fee039deab2	stacked_bar	stacked_bar.mojo	PLOT_STACKED_BAR	compatible-static	implemented-static	implemented-anchor	implemented-row	implemented	catalog-static	python-catalog	absorb-static-catalog
3fd5a7e7c622d6130c99a290b88c4fee039deab2	histogram	histogram.mojo	PLOT_HISTOGRAM	compatible	implemented	implemented	implemented	implemented	recipe-wave	python-benchmark	absorb-recipe
3fd5a7e7c622d6130c99a290b88c4fee039deab2	box	box.mojo	PLOT_BOX	compatible	implemented	implemented	implemented	implemented	python-overlap	python-benchmark	absorb-core-mark
3fd5a7e7c622d6130c99a290b88c4fee039deab2	heatmap	heatmap.mojo	PLOT_HEATMAP	compatible	implemented	implemented	implemented	implemented	python-overlap	python-benchmark	absorb-core-mark
3fd5a7e7c622d6130c99a290b88c4fee039deab2	pie/donut	arc.mojo	PLOT_PIE/PLOT_DONUT	compatible-static	implemented-static	implemented-anchor	implemented-row	implemented	catalog-static	python-catalog	absorb-static-catalog
3fd5a7e7c622d6130c99a290b88c4fee039deab2	lollipop	lollipop.mojo	PLOT_LOLLIPOP	compatible-static	implemented-static	implemented-anchor	implemented-row	implemented	catalog-static	python-catalog	absorb-static-catalog
3fd5a7e7c622d6130c99a290b88c4fee039deab2	waterfall	waterfall.mojo	PLOT_WATERFALL	compatible-static	implemented-static	implemented-anchor	implemented-row	implemented	catalog-static	python-catalog	absorb-static-catalog
3fd5a7e7c622d6130c99a290b88c4fee039deab2	candlestick	candlestick.mojo	PLOT_CANDLESTICK	compatible-static	implemented-static	implemented-anchor	implemented-row	implemented	catalog-static	python-catalog	absorb-static-catalog
3fd5a7e7c622d6130c99a290b88c4fee039deab2	bullet	bullet.mojo	PLOT_BULLET	compatible-static	implemented-static	implemented-anchor	implemented-row	implemented	catalog-static	python-catalog	absorb-static-catalog
3fd5a7e7c622d6130c99a290b88c4fee039deab2	gantt	gantt.mojo	PLOT_GANTT	compatible-static	implemented-static	implemented-anchor	implemented-row	implemented	catalog-static	python-catalog	absorb-static-catalog
3fd5a7e7c622d6130c99a290b88c4fee039deab2	span_chart	span_chart.mojo	PLOT_SPAN_CHART	compatible-static	implemented-static	implemented-anchor	implemented-row	implemented	catalog-static	python-catalog	absorb-static-catalog
3fd5a7e7c622d6130c99a290b88c4fee039deab2	beeswarm	beeswarm.mojo	PLOT_BEESWARM	compatible-static	implemented-static	implemented-anchor	implemented-row	implemented	catalog-static	python-catalog	absorb-static-catalog
3fd5a7e7c622d6130c99a290b88c4fee039deab2	violin	violin.mojo	PLOT_VIOLIN	compatible-static	implemented-static	implemented-anchor	implemented-row	implemented	catalog-static	python-catalog	absorb-static-catalog
3fd5a7e7c622d6130c99a290b88c4fee039deab2	ridgeline	ridgeline.mojo	PLOT_RIDGELINE	compatible-static	implemented-static	implemented-anchor	implemented-row	implemented	catalog-static	python-catalog	absorb-static-catalog
3fd5a7e7c622d6130c99a290b88c4fee039deab2	nightingale	nightingale.mojo	PLOT_NIGHTINGALE	compatible-static	implemented-static	implemented-anchor	implemented-row	implemented	catalog-static	python-catalog	absorb-static-catalog
3fd5a7e7c622d6130c99a290b88c4fee039deab2	polar	polar.mojo	PLOT_POLAR	compatible-static	implemented-static	implemented-anchor	implemented-row	implemented	catalog-static	python-catalog	absorb-static-catalog
3fd5a7e7c622d6130c99a290b88c4fee039deab2	polar_bar	polar_bar.mojo	PLOT_POLAR_BAR	compatible-static	implemented-static	implemented-anchor	implemented-row	implemented	catalog-static	python-catalog	absorb-static-catalog
3fd5a7e7c622d6130c99a290b88c4fee039deab2	radialbar	radialbar.mojo	PLOT_RADIALBAR	compatible-static	implemented-static	implemented-anchor	implemented-row	implemented	catalog-static	python-catalog	absorb-static-catalog
3fd5a7e7c622d6130c99a290b88c4fee039deab2	gauge	gauge.mojo	PLOT_GAUGE	compatible-static	implemented-static	implemented-anchor	implemented-row	implemented	catalog-static	python-catalog	absorb-static-catalog
3fd5a7e7c622d6130c99a290b88c4fee039deab2	radar	radar.mojo	PLOT_RADAR	compatible-static	implemented-static	implemented-anchor	implemented-row	implemented	catalog-static	python-catalog	absorb-static-catalog
3fd5a7e7c622d6130c99a290b88c4fee039deab2	population_pyramid	population_pyramid.mojo	PLOT_POPULATION_PYRAMID	compatible-static	implemented-static	implemented-anchor	implemented-row	implemented	catalog-static	python-catalog	absorb-static-catalog
3fd5a7e7c622d6130c99a290b88c4fee039deab2	parallel	parallel.mojo	PLOT_PARALLEL	compatible-static	implemented-static	implemented-anchor	implemented-row	implemented	catalog-static	python-catalog	absorb-static-catalog
3fd5a7e7c622d6130c99a290b88c4fee039deab2	contour/contourf	contour.mojo	PLOT_CONTOUR/PLOT_CONTOURF	compatible-static	implemented-static	implemented-anchor	implemented-row	implemented	catalog-static	python-catalog	absorb-static-catalog
3fd5a7e7c622d6130c99a290b88c4fee039deab2	tricontour	tricontour.mojo	PLOT_TRICONTOUR	compatible-static	implemented-static	implemented-anchor	implemented-row	implemented	catalog-static	python-catalog	absorb-static-catalog
3fd5a7e7c622d6130c99a290b88c4fee039deab2	corrplot	corrplot.mojo	PLOT_CORRPLOT	compatible-static	implemented-static	implemented-anchor	implemented-row	implemented	catalog-static	python-catalog	absorb-static-catalog
3fd5a7e7c622d6130c99a290b88c4fee039deab2	calendar_heatmap	calendar_heatmap.mojo	PLOT_CALENDAR_HEATMAP	compatible-static	implemented-static	implemented-anchor	implemented-row	implemented	catalog-static	python-catalog	absorb-static-catalog
3fd5a7e7c622d6130c99a290b88c4fee039deab2	punchcard	punchcard.mojo	PLOT_PUNCHCARD	compatible-static	implemented-static	implemented-anchor	implemented-row	implemented	catalog-static	python-catalog	absorb-static-catalog
3fd5a7e7c622d6130c99a290b88c4fee039deab2	marimekko	marimekko.mojo	PLOT_MARIMEKKO	compatible-static	implemented-static	implemented-anchor	implemented-row	implemented	catalog-static	python-catalog	absorb-static-catalog
3fd5a7e7c622d6130c99a290b88c4fee039deab2	funnel	funnel.mojo	PLOT_FUNNEL	compatible-static	implemented-static	implemented-anchor	implemented-row	implemented	catalog-static	python-catalog	absorb-static-catalog
3fd5a7e7c622d6130c99a290b88c4fee039deab2	bump	bump.mojo	PLOT_BUMP	compatible-static	implemented-static	implemented-anchor	implemented-row	implemented	catalog-static	python-catalog	absorb-static-catalog
3fd5a7e7c622d6130c99a290b88c4fee039deab2	effect_scatter	effect_scatter.mojo	PLOT_EFFECT_SCATTER	compatible-static	implemented-static	implemented-anchor	implemented-row	implemented	catalog-static	python-catalog	absorb-static-catalog
3fd5a7e7c622d6130c99a290b88c4fee039deab2	arc_diagram	arc_diagram.mojo	PLOT_ARC_DIAGRAM	compatible-static	implemented-static	implemented-anchor	implemented-row	implemented	catalog-static	python-catalog	absorb-static-catalog
3fd5a7e7c622d6130c99a290b88c4fee039deab2	graph	graph.mojo	PLOT_GRAPH	compatible-static	implemented-static	implemented-anchor	implemented-row	implemented	catalog-static	python-catalog	absorb-static-catalog
3fd5a7e7c622d6130c99a290b88c4fee039deab2	sankey	sankey.mojo	PLOT_SANKEY	compatible-static	implemented-static	implemented-anchor	implemented-row	implemented	catalog-static	python-catalog	absorb-static-catalog
3fd5a7e7c622d6130c99a290b88c4fee039deab2	sunburst	sunburst.mojo	PLOT_SUNBURST	compatible-static	implemented-static	implemented-anchor	implemented-row	implemented	catalog-static	python-catalog	absorb-static-catalog
3fd5a7e7c622d6130c99a290b88c4fee039deab2	tree	tree.mojo	PLOT_TREE	compatible-static	implemented-static	implemented-anchor	implemented-row	implemented	catalog-static	python-catalog	absorb-static-catalog
3fd5a7e7c622d6130c99a290b88c4fee039deab2	treemap	treemap.mojo	PLOT_TREEMAP	compatible-static	implemented-static	implemented-anchor	implemented-row	implemented	catalog-static	python-catalog	absorb-static-catalog
3fd5a7e7c622d6130c99a290b88c4fee039deab2	barbs	barbs.mojo	PLOT_BARBS	compatible-static	implemented-static	implemented-anchor	implemented-row	implemented	catalog-static	python-catalog	absorb-static-catalog
3fd5a7e7c622d6130c99a290b88c4fee039deab2	chord	chord.mojo	PLOT_CHORD	compatible-static	implemented-static	implemented-anchor	implemented-row	implemented	catalog-static	python-catalog	absorb-static-catalog
3fd5a7e7c622d6130c99a290b88c4fee039deab2	streamgraph	streamgraph.mojo	PLOT_STREAMGRAPH	compatible-static	implemented-static	implemented-anchor	implemented-row	implemented	catalog-static	python-catalog	absorb-static-catalog
